company_query,place_id,address,status
Shark Coatings Orlando,,,No Result Found
Performance Floors & Coating Orlando,,,No Result Found
Ox Floors Orlando,,,No Result Found
Tru Grit Coatings Orlando,,,No Result Found
DreamCrete Custom Creations Orlando,,,No Result Found
Wise Coatings of Orlando Orlando,,,No Result Found
Five Seasons Painting Orlando,,,No Result Found
Titan Garage Flooring Solutions Orlando,,,No Result Found
Garage Living Orlando Orlando,,,No Result Found
Dual Stone Epoxy Floor Orlando,,,No Result Found
One Stop Epoxy LLC Orlando,,,No Result Found
Stone Care Solutions LLC Orlando,,,No Result Found
Olympus Concrete Coatings LLC Orlando,,,No Result Found
Sun Surfaces of Orlando Orlando,,,No Result Found
Leaf Home Garage Flooring LLC Orlando,,,No Result Found
Cubix Inc Orlando,,,No Result Found
Superior Concrete Coating Orlando,,,No Result Found
SC Flooring Masters Orlando,,,No Result Found
Master Coatings Orlando,,,No Result Found
Stone Polishing Systems LLC Orlando,,,No Result Found
EPOXY FLOOR COATING USA LLC Orlando,,,No Result Found
A1 Epoxy Coatings Orlando,,,No Result Found
Top Coat Epoxy Orlando,,,No Result Found
Creative Resurfacing Solutions Orlando,,,No Result Found
Select Surface Solutions Orlando,,,No Result Found
Surface & Concrete Design Solutions Orlando,,,No Result Found
Concrete Solutions of Central Florida Orlando,,,No Result Found
National Concrete Polishing Orlando,,,No Result Found
XPS Xpress â€” Orlando Epoxy Floor Store Orlando,,,No Result Found
Soulistic Decorative Concrete Orlando,,,No Result Found
Floors Care & Marble Polishing Orlando,,,No Result Found
Rocket Resins Orlando,,,No Result Found
Big Top Concrete Resurfacing Orlando,,,No Result Found
XT Epoxy Orlando,,,No Result Found
Bronco Coatings Orlando,,,No Result Found
American Concrete Coatings Inc Orlando,,,No Result Found
PPI Floors Orlando,,,No Result Found
Epoxy Flooring Orlando,,,No Result Found
Clever Coatings USA Orlando,,,No Result Found
AmerEpoxy Orlando Orlando,,,No Result Found
Granite Garage Floors Orlando Orlando,,,No Result Found
MACH ONE Epoxy Floors Orlando,,,No Result Found
Apex Epoxy Flooring Orlando,,,No Result Found
Orlando Epoxy Flooring (IBEX Flooring and Painting) Orlando,,,No Result Found
Epoxy Orlando Orlando,,,No Result Found
Foxy Epoxy Orlando Orlando,,,No Result Found
Garage Experts Orlando,,,No Result Found
Garage Flooring Pros Orlando,,,No Result Found
Lifetime Green Coatings Orlando,,,No Result Found
Penntek Coatings Orlando,,,No Result Found
Intelli-Clean Orlando,,,No Result Found
Decorative Concrete Experts Orlando,,,No Result Found
Concrete Polishing Orlando (Magic City Concrete Polishing) Orlando,,,No Result Found
Etched in Stone Designs Orlando,,,No Result Found
Concrete Resurfacing Orlando Orlando,,,No Result Found
Elite Crete Systems Florida Orlando,,,No Result Found
